Data Set 1:Time(s),Data Set 1:Position 1(m),Data Set 1:Velocity 1(m/s),Data Set 1:Acceleration 1(m/s²),Data Set 1:Position 2(m),Data Set 1:Velocity 2(m/s),Data Set 1:Acceleration 2(m/s²),Data Set 2:Time(s),Data Set 2:Position 1(m),Data Set 2:Velocity 1(m/s),Data Set 2:Acceleration 1(m/s²),Data Set 2:Position 2(m),Data Set 2:Velocity 2(m/s),Data Set 2:Acceleration 2(m/s²),Data Set 3:Time(s),Data Set 3:Position 1(m),Data Set 3:Velocity 1(m/s),Data Set 3:Acceleration 1(m/s²),Data Set 3:Position 2(m),Data Set 3:Velocity 2(m/s),Data Set 3:Acceleration 2(m/s²),Data Set 4:Time(s),Data Set 4:Position 1(m),Data Set 4:Velocity 1(m/s),Data Set 4:Acceleration 1(m/s²),Data Set 4:Position 2(m),Data Set 4:Velocity 2(m/s),Data Set 4:Acceleration 2(m/s²),Data Set 5:Time(s),Data Set 5:Position 1(m),Data Set 5:Velocity 1(m/s),Data Set 5:Acceleration 1(m/s²),Data Set 5:Position 2(m),Data Set 5:Velocity 2(m/s),Data Set 5:Acceleration 2(m/s²),Data Set 6:Time(s),Data Set 6:Position 1(m),Data Set 6:Velocity 1(m/s),Data Set 6:Acceleration 1(m/s²),Data Set 6:Position 2(m),Data Set 6:Velocity 2(m/s),Data Set 6:Acceleration 2(m/s²),Data Set 7:Time(s),Data Set 7:Position 1(m),Data Set 7:Velocity 1(m/s),Data Set 7:Acceleration 1(m/s²),Data Set 7:Position 2(m),Data Set 7:Velocity 2(m/s),Data Set 7:Acceleration 2(m/s²)
0.000000000000,3.599999904633,0.000000000000,0.000000000000,3.599999904633,0.000000000000,0.000000000000,0.000000000000,3.599999904633,0.000000000000,0.000000000000,3.599999904633,0.000000000000,0.000000000000,0.000000000000,0.306300014257,-0.012555883990,0.030176968854,,,,0.000000000000,0.245700001717,0.001333355904,0.008777865657,,,,0.000000000000,0.715399980545,-0.002999901772,0.058294854782,,,,0.000000000000,0.341500014067,-0.005777875582,0.047877353651,0.763000011444,0.000999967257,-0.001111074730,0.000000000000,0.388700008392,0.000000000000,0.000000000000,0.728799998760,0.000000000000,0.000000000000
0.050000000000,3.599999904633,0.000000000000,0.000000000000,3.599999904633,0.000000000000,0.000000000000,0.050000000000,3.599999904633,0.000000000000,0.000000000000,3.599999904633,0.000000000000,0.000000000000,0.050000000000,0.305599987507,-0.011111208134,0.045385826149,,,,0.050000000000,0.245700001717,0.002166703343,0.000712801185,,,,0.050000000000,0.715099990368,0.000333338976,0.045175055663,,,,0.050000000000,0.341100007296,-0.003222276767,0.041568604884,0.763000011444,0.001499950886,-0.011805169008,0.050000000000,0.388700008392,0.000000000000,-0.000138898139,0.728799998760,0.000000000000,0.000000000000
0.100000000000,3.599999904633,0.000000000000,0.000000000000,3.599999904633,0.000000000000,0.000000000000,0.100000000000,3.599999904633,0.000000000000,0.000000000000,3.599999904633,0.000000000000,0.000000000000,0.100000000000,0.305299997330,-0.010299911102,0.082204951732,,,,0.100000000000,0.246000006795,0.001966690024,-0.009352288864,,,,0.100000000000,0.715399980545,0.002433300018,0.023444355638,,,,0.100000000000,0.341100007296,-0.000933349133,0.029296792216,0.763300001621,0.000000000000,-0.018277179312,0.100000000000,0.388700008392,0.000000000000,-0.000611151810,0.728799998760,0.000000000000,0.000000000000
0.150000000000,3.599999904633,0.000000000000,0.000000000000,3.599999904633,0.000000000000,0.000000000000,0.150000000000,3.599999904633,0.000000000000,0.000000000000,3.599999904633,0.000000000000,0.000000000000,0.150000000000,0.304300010204,-0.005166613393,0.146962092431,,,,0.150000000000,0.246000006795,-0.000166694323,0.000999620483,,,,0.150000000000,0.715399980545,0.003166695436,-0.005036873950,,,,0.150000000000,0.341100007296,-0.000222225984,0.016580527579,0.763000011444,-0.001499950886,-0.005833142334,0.150000000000,0.388700008392,0.000000000000,-0.001543383172,0.728799998760,0.000000000000,0.000000000000
0.200000000000,3.599999904633,0.000000000000,0.000000000000,3.599999904633,0.000000000000,0.000000000000,0.200000000000,3.599999904633,0.000000000000,0.000000000000,3.599999904633,0.000000000000,0.000000000000,0.200000000000,0.304300010204,0.008666548464,0.122165835382,,,,0.200000000000,0.245700001717,0.002388846543,0.003543359998,,,,0.200000000000,0.715799987316,0.002166695065,-0.035012690005,,,,0.200000000000,0.341100007296,0.000222225984,0.011247103965,0.763000011444,-0.000499983629,0.005833142334,0.200000000000,0.388700008392,-0.000166677766,0.003919373324,0.728799998760,0.000000000000,0.000000000000
0.250000000000,3.599999904633,0.000000000000,0.000000000000,3.599999904633,0.000000000000,0.000000000000,0.250000000000,3.599999904633,0.000000000000,0.000000000000,3.599999904633,0.000000000000,0.000000000000,0.250000000000,0.305599987507,0.013111001915,-0.022486893483,,,,0.250000000000,0.246399998665,0.002166678508,-0.031339221714,,,,0.250000000000,0.715799987316,-0.002000033855,-0.032278199991,,,,0.250000000000,0.341100007296,0.000666677952,0.009531025533,0.763000011444,-0.000166661210,0.004999836286,0.250000000000,0.388700008392,-0.000500033299,0.045987043852,0.728799998760,0.000000000000,0.000000000000
0.300000000000,3.599999904633,0.000000000000,0.000000000000,3.599999904633,0.000000000000,0.000000000000,0.300000000000,3.599999904633,0.000000000000,0.000000000000,3.599999904633,0.000000000000,0.000000000000,0.300000000000,0.305999994278,0.008611116144,-0.199134243123,,,,0.300000000000,0.246000006795,-0.000666661395,-0.063117230196,,,,0.300000000000,0.715399980545,-0.002666711807,0.000679051435,,,,0.300000000000,0.341100007296,0.002000033855,-0.003086471999,0.763000011444,0.000000000000,0.002499918143,0.300000000000,0.388700008392,0.000222110086,0.196234394371,0.728799998760,0.000000000000,0.000000000000
0.350000000000,3.599999904633,0.000000000000,0.000000000000,3.599999904633,0.000000000000,0.000000000000,0.350000000000,3.599999904633,0.000000000000,0.000000000000,3.599999904633,0.000000000000,0.000000000000,0.350000000000,0.307399988174,-0.012444323964,-0.267375646918,,,,0.350000000000,0.246399998665,-0.004555549886,-0.071697585561,,,,0.350000000000,0.715399980545,-0.000888903936,0.018549701314,,,,0.350000000000,0.341500014067,0.000222225984,-0.011605134717,0.763000011444,0.000000000000,0.000555537365,0.350000000000,0.388399988413,0.010888841417,0.522438574720,0.728799998760,0.000000000000,0.000000000000
0.400000000000,3.599999904633,0.000000000000,0.000000000000,3.599999904633,0.000000000000,0.000000000000,0.400000000000,3.599999904633,0.000000000000,0.000000000000,3.599999904633,0.000000000000,0.000000000000,0.400000000000,0.304300010204,-0.028444296784,-0.131389636684,,,,0.400000000000,0.246000006795,-0.013777770930,0.016944165583,,,,0.400000000000,0.715399980545,0.000000000000,0.020864550714,,,,0.400000000000,0.341100007296,-0.001111129920,0.011234758077,0.763000011444,0.000000000000,0.000092589561,0.400000000000,0.388700008392,0.046611064010,0.960247172618,0.728799998760,0.000000000000,0.000000000000
0.450000000000,3.599999904633,0.000000000000,0.000000000000,3.599999904633,0.000000000000,0.000000000000,0.450000000000,3.599999904633,0.000000000000,0.000000000000,3.599999904633,0.000000000000,0.000000000000,0.450000000000,0.303600013256,-0.022277782361,-0.070927384091,,,,0.450000000000,0.243900001049,-0.004777800706,0.122993425639,,,,0.450000000000,0.715399980545,0.000888903936,0.022716433914,,,,0.450000000000,0.341100007296,0.002222259839,0.018889208635,0.763000011444,0.000000000000,0.000000000000,0.450000000000,0.391799986362,0.110388812092,1.308334333661,0.728799998760,0.000000000000,0.000000000000
0.500000000000,3.599999904633,0.000000000000,0.000000000000,3.599999904633,0.000000000000,0.000000000000,0.500000000000,3.599999904633,0.000000000000,0.000000000000,3.599999904633,0.000000000000,0.000000000000,0.500000000000,0.303200006485,-0.032944546805,-0.211049745112,,,,0.500000000000,0.245000004768,0.012166615989,0.000308472433,,,,0.500000000000,0.715399980545,0.002888937791,0.012098970237,,,,0.500000000000,0.341500014067,0.002666711807,-0.005092683398,0.763000011444,0.000000000000,0.000000000000,0.500000000000,0.398999989033,0.190055635240,1.373519638070,0.728799998760,0.000000000000,0.000000000000
0.550000000000,3.599999904633,0.000000000000,0.000000000000,3.599999904633,0.000000000000,0.000000000000,0.550000000000,3.599999904633,0.000000000000,0.000000000000,3.599999904633,0.000000000000,0.000000000000,0.550000000000,0.296999990940,-0.010222229693,-0.980431788865,,,,0.550000000000,0.247099995613,-0.003833398223,-0.134011891521,,,,0.550000000000,0.715799987316,0.002888937791,-0.011111299197,,,,0.550000000000,0.341500014067,0.000888903936,-0.015957120024,0.763000011444,0.000000000000,0.000000000000,0.550000000000,0.411100000143,0.262944565879,1.106357859609,0.728799998760,0.000000000000,0.000000000000
0.600000000000,3.599999904633,0.000000000000,0.000000000000,3.599999904633,0.000000000000,0.000000000000,0.600000000000,3.599999904633,0.000000000000,0.000000000000,3.599999904633,0.000000000000,0.000000000000,0.600000000000,0.307000011206,-0.085222207838,-2.310432447695,,,,0.600000000000,0.244299992919,-0.014944432510,-0.032159782670,,,,0.600000000000,0.715799987316,0.000888903936,-0.018642290875,,,,0.600000000000,0.341500014067,0.000000000000,0.001728028795,0.763000011444,0.000000000000,0.000000000000,0.600000000000,0.426600009203,0.308055596219,0.668177946850,0.728799998760,0.000000000000,0.000000000000
0.650000000000,3.599999904633,0.000000000000,0.000000000000,3.599999904633,0.000000000000,0.000000000000,0.650000000000,3.599999904633,0.000000000000,0.000000000000,3.599999904633,0.000000000000,0.000000000000,0.650000000000,0.299400001764,-0.330500106017,-1.894444521563,,,,0.650000000000,0.244599997997,-0.008999937110,0.118487645630,,,,0.650000000000,0.715799987316,0.000222225984,-0.010864381437,,,,0.650000000000,0.341500014067,-0.000277790758,0.072468614873,0.763000011444,0.000000000000,0.000000000000,0.650000000000,0.443100005388,0.325888809231,0.292623089052,0.728799998760,0.000000000000,0.000000000000
0.700000000000,3.599999904633,0.000000000000,0.000000000000,3.599999904633,0.000000000000,0.000000000000,0.700000000000,3.599999904633,0.000000000000,0.000000000000,3.599999904633,0.000000000000,0.000000000000,0.700000000000,0.264299988747,-0.398055596484,0.712655222526,,,,0.700000000000,0.243300005794,0.001666670044,0.184752497776,,,,0.700000000000,0.715799987316,0.000000000000,-0.004197601919,,,,0.700000000000,0.341500014067,0.001666612095,0.281789530942,0.763000011444,0.000000000000,0.000000000000,0.700000000000,0.459699988365,0.329555571079,0.079599105650,0.728799998760,0.000000000000,0.000000000000
0.750000000000,3.599999904633,0.000000000000,0.000000000000,3.599999904633,0.000000000000,0.000000000000,0.750000000000,3.599999904633,0.000000000000,0.000000000000,3.599999904633,0.000000000000,0.000000000000,0.750000000000,0.245299994946,-0.203222152260,2.374352349175,,,,0.750000000000,0.244599997997,0.015333278312,0.121944305705,,,,0.750000000000,0.715799987316,0.000000000000,-0.000864212160,,,,0.750000000000,0.341100007296,0.018833263053,0.686264819937,0.763000011444,0.000000000000,0.000000000000,0.750000000000,0.476200014353,0.328111118741,0.002284164046,0.728799998760,0.000000000000,0.000000000000
0.800000000000,3.599999904633,0.000000000000,0.000000000000,3.599999904633,0.000000000000,0.000000000000,0.800000000000,3.599999904633,0.000000000000,0.000000000000,3.599999904633,0.000000000000,0.000000000000,0.800000000000,0.247700005770,-0.048444420099,1.923796051630,,,,0.800000000000,0.245299994946,0.018444425530,-0.029474814181,,,,0.800000000000,0.715799987316,0.000000000000,-0.000123458880,,,,0.800000000000,0.342200011015,0.064277632369,1.201450511997,0.763000011444,0.000000000000,0.000000000000,0.800000000000,0.492399990559,0.327777763208,-0.014844877116,0.728799998760,0.000000000000,0.000000000000
0.850000000000,3.599999904633,0.000000000000,0.000000000000,3.599999904633,0.000000000000,0.000000000000,0.850000000000,3.599999904633,0.000000000000,0.000000000000,3.599999904633,0.000000000000,0.000000000000,0.850000000000,0.245299994946,0.016722223825,0.726079945395,,,,0.850000000000,0.247099995613,0.009555584855,-0.123301953261,,,,0.850000000000,0.715799987316,0.000000000000,0.000000000000,,,,0.850000000000,0.345999985933,0.143277678225,1.597747611411,0.763000011444,0.000000000000,0.000000000000,0.850000000000,0.509000003338,0.327055669493,-0.028425096362,0.728799998760,0.000000000000,0.000000000000
0.900000000000,3.599999904633,0.000000000000,0.000000000000,3.599999904633,0.000000000000,0.000000000000,0.900000000000,3.599999904633,0.000000000000,0.000000000000,3.599999904633,0.000000000000,0.000000000000,0.900000000000,0.252900004387,0.000444443689,-0.125154613713,,,,0.900000000000,0.246399998665,-0.002111047506,-0.069290151199,,,,0.900000000000,0.715799987316,0.000000000000,0.000092589561,,,,0.900000000000,0.355599999428,0.241111086475,1.616389515959,0.763000011444,0.000000000000,0.000000000000,0.900000000000,0.525200009346,0.324666781558,-0.035216015430,0.728799998760,0.000000000000,0.000000000000
0.950000000000,3.599999904633,0.000000000000,0.000000000000,3.599999904633,0.000000000000,0.000000000000,0.950000000000,3.599999904633,0.000000000000,0.000000000000,3.599999904633,0.000000000000,0.000000000000,0.950000000000,0.246399998665,-0.042666718364,-0.069567717520,,,,0.950000000000,0.246000006795,0.001277791129,0.011604573624,,,,0.950000000000,0.715799987316,0.000000000000,0.002345663530,,,,0.950000000000,0.370799988508,0.323999971151,1.224167074686,0.763000011444,0.000000000000,0.000000000000,0.950000000000,0.541400015354,0.323333442211,-0.038395858841,0.728799998760,0.000000000000,0.000000000000
1.000000000000,3.599999904633,0.000000000000,0.000000000000,3.599999904633,0.000000000000,0.000000000000,1.000000000000,3.599999904633,0.000000000000,0.000000000000,3.599999904633,0.000000000000,0.000000000000,1.000000000000,0.244299992919,-0.012777770559,0.197469889198,,,,1.000000000000,0.246399998665,0.006888873047,-0.040555524605,,,,1.000000000000,0.715799987316,0.000000000000,0.012901167811,,,,1.000000000000,0.389699995518,0.370611101389,0.665648677099,0.763000011444,0.000000000000,0.000000000000,1.000000000000,0.557600021362,0.320722262065,-0.038551033279,0.728799998760,0.000000000000,0.000000000000
1.050000000000,3.599999904633,0.000000000000,0.000000000000,3.599999904633,0.000000000000,0.000000000000,1.050000000000,3.599999904633,0.000000000000,0.000000000000,3.599999904633,0.000000000000,0.000000000000,1.050000000000,0.246399998665,-0.000999925865,0.132130040431,,,,1.050000000000,0.247400000691,-0.000222192870,-0.129289897504,,,,1.050000000000,0.715799987316,0.000166661210,0.049166565324,,,,1.050000000000,0.409399986267,0.382833348380,0.244321793686,0.763000011444,0.000000000000,0.000000000000,1.050000000000,0.573400020599,0.319388839934,-0.034817069033,0.728799998760,0.000000000000,0.000000000000
1.100000000000,3.599999904633,0.000000000000,0.000000000000,3.599999904633,0.000000000000,0.000000000000,1.100000000000,3.599999904633,0.000000000000,0.000000000000,3.599999904633,0.000000000000,0.000000000000,1.100000000000,0.245000004768,-0.001499934329,0.097036766417,,,,1.100000000000,0.246700003743,-0.012333293756,-0.094784074176,,,,1.100000000000,0.715799987316,0.003722210725,0.077870267409,,,,1.100000000000,0.428299993277,0.383611222108,0.059012820323,0.763000011444,0.000000000000,0.000000000000,1.100000000000,0.589600026608,0.317166381412,-0.027809632413,0.728799998760,0.000000000000,0.000123458880
1.150000000000,3.599999904633,0.000000000000,0.000000000000,3.599999904633,0.000000000000,0.000000000000,1.150000000000,3.599999904633,0.000000000000,0.000000000000,3.599999904633,0.000000000000,0.000000000000,1.150000000000,0.246000006795,0.003000025948,0.157869708391,,,,1.150000000000,0.246000006795,-0.019277764691,0.105400820389,,,,1.150000000000,0.715799987316,0.010555518998,0.011018691240,,,,1.150000000000,0.447600007057,0.384444495042,-0.005678786540,0.763000011444,0.000000000000,0.000000000000,1.150000000000,0.605099976063,0.315666430526,-0.006263657117,0.728799998760,0.000000000000,0.000740753280
1.200000000000,3.599999904633,0.000000000000,0.000000000000,3.599999904633,0.000000000000,0.000000000000,1.200000000000,3.599999904633,0.000000000000,0.000000000000,3.599999904633,0.000000000000,0.000000000000,1.200000000000,0.246000006795,-0.000222242541,0.426758595823,,,,1.200000000000,0.243300005794,-0.000166694323,0.264166410507,,,,1.200000000000,0.716099977493,0.023333364063,-0.364783884567,,,,1.200000000000,0.466899991035,0.382555656963,-0.034197180727,0.763000011444,0.000000000000,0.000000000000,1.200000000000,0.620999991894,0.317000018226,0.002903574043,0.728799998760,0.000000000000,0.003333389759
1.250000000000,3.599999904633,0.000000000000,0.000000000000,3.599999904633,0.000000000000,0.000000000000,1.250000000000,3.599999904633,0.000000000000,0.000000000000,3.599999904633,0.000000000000,0.000000000000,1.250000000000,0.242200002074,0.058333310816,0.406604168224,,,,1.250000000000,0.245700001717,0.023333306114,0.137407567214,,,,1.250000000000,0.721599996090,-0.023333330949,-0.749722619851,,,,1.250000000000,0.485900014639,0.379889061054,-0.035371337040,0.763000011444,0.000000000000,0.000000000000,1.250000000000,0.636799991131,0.317944520050,-0.023023489817,0.728799998760,0.000222225984,0.006666779518
1.300000000000,3.599999904633,0.000000000000,0.000000000000,3.599999904633,0.000000000000,0.000000000000,1.300000000000,3.599999904633,0.000000000000,0.000000000000,3.599999904633,0.000000000000,0.000000000000,1.300000000000,0.253300011158,0.081888768408,-0.317870738146,,,,1.300000000000,0.247400000691,0.016444457902,-0.038734423342,,,,1.300000000000,0.714699983597,-0.086166759332,-0.534505682227,,,,1.300000000000,0.504800021648,0.378722233905,-0.030218294741,0.763000011444,0.000000000000,0.000000000000,1.300000000000,0.652999997139,0.315277907583,-0.056975417667,0.728799998760,0.000666677952,0.007777909438
1.350000000000,3.599999904633,0.000000000000,0.000000000000,3.599999904633,0.000000000000,0.000000000000,1.350000000000,3.599999904633,0.000000000000,0.000000000000,3.599999904633,0.000000000000,0.000000000000,1.350000000000,0.255299985409,0.018999874592,-0.831542113497,,,,1.350000000000,0.247700005770,0.005444453822,-0.001389146955,,,,1.350000000000,0.708899974823,-0.081777771314,-0.203856145158,,,,1.350000000000,0.523800015450,0.376944293578,-0.025464566769,0.763000011444,0.000000000000,0.000000000000,1.350000000000,0.668500006199,0.309777888987,-0.048335246098,0.728799998760,0.002000033855,-0.007407532798
1.400000000000,3.599999904633,0.000000000000,0.000000000000,3.599999904633,0.000000000000,0.000000000000,1.400000000000,3.599999904633,0.000000000000,0.000000000000,3.599999904633,0.000000000000,0.000000000000,1.400000000000,0.256399989128,-0.056611075997,-0.390090954341,,,,1.400000000000,0.246700003743,0.011333301663,0.096450267751,,,,1.400000000000,0.707099974155,-0.083277523518,-0.243240153348,,,,1.400000000000,0.542400002480,0.376944227351,-0.033363801094,0.763000011444,0.000000000000,0.000000000000,1.400000000000,0.683700025082,0.308888720142,-0.013396659015,0.729200005531,0.000000000000,-0.022469516154
1.450000000000,3.599999904633,0.000000000000,0.000000000000,3.599999904633,0.000000000000,0.000000000000,1.450000000000,3.599999904633,0.000000000000,0.000000000000,3.599999904633,0.000000000000,0.000000000000,1.450000000000,0.244299992919,-0.045999876327,0.476049995165,,,,1.450000000000,0.247400000691,0.037499955959,-0.153981576915,,,,1.450000000000,0.702000021935,-0.105722082986,-0.311421612163,,,,1.450000000000,0.561699986458,0.373388760620,-0.038114787988,0.763000011444,0.000000000000,0.000000000000,1.450000000000,0.699199974537,0.310944252544,-0.017344491717,0.728799998760,-0.002000033855,-0.007407532798
1.500000000000,3.599999904633,0.000000000000,0.000000000000,3.599999904633,0.000000000000,0.000000000000,1.500000000000,3.599999904633,0.000000000000,0.000000000000,3.599999904633,0.000000000000,0.000000000000,1.500000000000,0.246000006795,0.062500114242,0.175678228706,,,,1.500000000000,0.254299998283,0.000833297769,-0.455524570044,,,,1.500000000000,0.696099996567,-0.122444563442,-0.260957928351,,,,1.500000000000,0.579599976540,0.372222397063,-0.027467255239,0.763000011444,0.000000000000,0.000000000000,1.500000000000,0.715099990368,0.308500064744,-0.043207940496,0.728799998760,-0.000666677952,0.007777909438
1.550000000000,3.599999904633,0.000000000000,0.000000000000,3.599999904633,0.000000000000,0.000000000000,1.550000000000,3.599999904633,0.000000000000,0.000000000000,3.599999904633,0.000000000000,0.000000000000,1.550000000000,0.261200010777,-0.000666686230,-0.612624472490,,,,1.550000000000,0.248099997640,-0.044722250766,-0.141573793910,,,,1.550000000000,0.689599990845,-0.136833389600,-0.107962003461,,,,1.550000000000,0.598900020123,0.371333526240,-0.027902378344,0.763000011444,0.000000000000,0.000000000000,1.550000000000,0.730199992657,0.303666790326,-0.025493421672,0.728799998760,-0.000222225984,0.006666779518
1.600000000000,3.599999904633,0.000000000000,0.000000000000,3.599999904633,0.000000000000,0.000000000000,1.600000000000,3.599999904633,0.000000000000,0.000000000000,3.599999904633,0.000000000000,0.000000000000,1.600000000000,0.246399998665,-0.074222269985,-0.189598856701,,,,1.600000000000,0.245299994946,-0.015722231732,0.224969536066,,,,1.600000000000,0.681299984455,-0.129055447049,-0.018486730110,,,,1.600000000000,0.616800010204,0.369444390138,-0.027563928822,0.763000011444,0.000000000000,0.000000000000,1.600000000000,0.745000004768,0.305889017052,-0.006915132205,0.728799998760,0.000000000000,0.003333389759
1.650000000000,3.599999904633,0.000000000000,0.000000000000,3.599999904633,0.000000000000,0.000000000000,1.650000000000,3.599999904633,0.000000000000,0.000000000000,3.599999904633,0.000000000000,0.000000000000,1.650000000000,0.245700001717,-0.019944442643,0.289074455698,,,,1.650000000000,0.247099995613,0.006666688455,0.125895362393,,,,1.650000000000,0.677500009537,-0.134166512224,-0.016204755247,,,,1.650000000000,0.635800004005,0.368499855200,-0.027809503638,0.763000011444,0.000000000000,0.000000000000,1.650000000000,0.760900020599,0.306499865320,-0.043859562756,0.728799998760,0.000000000000,0.000740753280
1.700000000000,3.599999904633,0.000000000000,0.000000000000,3.599999904633,0.000000000000,0.000000000000,1.700000000000,3.599999904633,0.000000000000,0.000000000000,3.599999904633,0.000000000000,0.000000000000,1.700000000000,0.247400000691,-0.006999969482,0.178889010423,,,,1.700000000000,0.248099997640,-0.001999959350,-0.029197634186,,,,1.700000000000,0.667500019073,-0.132777889570,0.023609859708,,,,1.700000000000,0.653699994087,0.366388724910,-0.023887701976,0.763000011444,0.000000000000,0.000000000000,1.700000000000,0.776099979877,0.299833152029,-0.055862944803,0.728799998760,0.000000000000,-0.000061720242
1.750000000000,3.599999904633,0.000000000000,0.000000000000,3.599999904633,0.000000000000,0.000000000000,1.750000000000,3.599999904633,0.000000000000,0.000000000000,3.599999904633,0.000000000000,0.000000000000,1.750000000000,0.246000006795,-0.005277759499,0.055863919817,,,,1.750000000000,0.246700003743,-0.011555560761,0.037623247431,,,,1.750000000000,0.664399981499,-0.132000115183,0.059044103564,,,,1.750000000000,0.672299981117,0.366777744558,-0.030459941905,0.763000011444,0.000000000000,0.000000000000,1.750000000000,0.790499985218,0.299000077777,-0.037651904571,0.728799998760,0.000000000000,-0.001512302293
1.800000000000,3.599999904633,0.000000000000,0.000000000000,3.599999904633,0.000000000000,0.000000000000,1.800000000000,3.599999904633,0.000000000000,0.000000000000,3.599999904633,0.000000000000,0.000000000000,1.800000000000,0.246700003743,-0.008333350221,0.016141664467,,,,1.800000000000,0.245299994946,0.004444428616,0.079660761504,,,,1.800000000000,0.654399991035,-0.132610963451,0.161204073164,,,,1.800000000000,0.690599977970,0.363333622615,-0.037282061430,0.763000011444,0.000000000000,0.000000000000,1.800000000000,0.805999994278,0.298055774636,-0.051203020561,0.728799998760,0.000000000000,-0.008363984985
1.850000000000,3.599999904633,0.000000000000,0.000000000000,3.599999904633,0.000000000000,0.000000000000,1.850000000000,3.599999904633,0.000000000000,0.000000000000,3.599999904633,0.000000000000,0.000000000000,1.850000000000,0.245000004768,-0.008333375057,0.090432254437,,,,1.850000000000,0.248099997640,0.006222269601,-0.026635476101,,,,1.850000000000,0.649200022221,-0.103166666296,0.030060296441,,,,1.850000000000,0.708500027657,0.362166961034,-0.029662196283,0.763000011444,0.000000000000,-0.000123458880,1.850000000000,0.820500016212,0.294111304813,-0.075032847163,0.728799998760,-0.000333322419,-0.028795739751
1.900000000000,3.599999904633,0.000000000000,0.000000000000,3.599999904633,0.000000000000,0.000000000000,1.900000000000,3.599999904633,0.000000000000,0.000000000000,3.599999904633,0.000000000000,0.000000000000,1.900000000000,0.245299994946,0.003500009576,0.126018954648,,,,1.900000000000,0.246700003743,-0.004666621486,-0.029876630431,,,,1.900000000000,0.646499991417,-0.117277933492,-0.293642687209,,,,1.900000000000,0.726800024509,0.361111097866,-0.034756093849,0.763000011444,0.000000000000,-0.000740753280,1.900000000000,0.835300028324,0.291277666887,-0.126761510784,0.728799998760,-0.001722176870,-0.077283014486
1.950000000000,3.599999904633,0.000000000000,0.000000000000,3.599999904633,0.000000000000,0.000000000000,1.950000000000,3.599999904633,0.000000000000,0.000000000000,3.599999904633,0.000000000000,0.000000000000,1.950000000000,0.246000006795,0.005111156238,0.129290118262,,,,1.950000000000,0.246700003743,-0.001944427689,0.072314645405,,,,1.950000000000,0.638599991798,-0.150000088745,-0.296820516204,,,,1.950000000000,0.744700014591,0.358722077476,-0.042409072688,0.763000011444,0.000000000000,-0.003549438200,1.950000000000,0.849799990654,0.283999840418,-0.242376585066,0.728799998760,-0.006888740593,-0.163024277599
2.000000000000,3.599999904633,0.000000000000,0.000000000000,3.599999904633,0.000000000000,0.000000000000,2.000000000000,3.599999904633,0.000000000000,0.000000000000,3.599999904633,0.000000000000,0.000000000000,2.000000000000,0.245000004768,0.018111103111,0.095925756075,,,,2.000000000000,0.246700003743,0.003222235375,0.153055524936,,,,2.000000000000,0.630299985409,-0.162666704920,-0.005585746265,,,,2.000000000000,0.762600004673,0.357166495588,-0.059413670758,0.763000011444,-0.000222225984,-0.008919871884,2.000000000000,0.863900005817,0.270777708954,-0.447313450737,0.728200018406,-0.015666517946,-0.315032034744
2.050000000000,3.599999904633,0.000000000000,0.000000000000,3.599999904633,0.000000000000,0.000000000000,2.050000000000,3.599999904633,0.000000000000,0.000000000000,3.599999904633,0.000000000000,0.000000000000,2.050000000000,0.248400002718,0.021222217215,-0.033333129537,,,,2.050000000000,0.246700003743,0.011833359798,0.206820892147,,,,2.050000000000,0.620999991894,-0.148888925711,0.274352839699,,,,2.050000000000,0.780499994755,0.353722108735,-0.097869520570,0.763000011444,-0.000666677952,-0.022654492914,2.050000000000,0.877399981022,0.243666734960,-0.739319990447,0.727500021458,-0.033111108674,-0.577378604147
2.100000000000,3.599999904633,0.000000000000,0.000000000000,3.599999904633,0.000000000000,0.000000000000,2.100000000000,3.599999904633,0.000000000000,0.000000000000,3.599999904633,0.000000000000,0.000000000000,2.100000000000,0.248400002718,0.004222244024,0.008858427589,,,,2.100000000000,0.246000006795,0.046777808004,-0.124506716743,,,,2.100000000000,0.614799976349,-0.121222171519,0.287748210960,,,,2.100000000000,0.798099994659,0.347833269172,-0.163085206791,0.763000011444,-0.002388921049,-0.057376663626,2.100000000000,0.889100015163,0.197611252467,-1.024569111106,0.725700020790,-0.069611271222,-0.897346786511
2.150000000000,3.599999904633,0.000000000000,0.000000000000,3.599999904633,0.000000000000,0.000000000000,2.150000000000,3.599999904633,0.000000000000,0.000000000000,3.599999904633,0.000000000000,0.000000000000,2.150000000000,0.246700003743,0.017166733742,0.177098824470,,,,2.150000000000,0.256000012159,0.003388838636,-0.491358611135,,,,2.150000000000,0.609899997711,-0.111388762792,0.106142847626,,,,2.150000000000,0.815299987793,0.340055558417,-0.315862820472,0.762600004673,-0.002888904677,-0.189259390772,2.150000000000,0.898100018501,0.132944285870,-1.124168270164,0.721599996090,-0.127722389168,-1.096974515621
2.200000000000,3.599999904633,0.000000000000,0.000000000000,3.599999904633,0.000000000000,0.000000000000,2.200000000000,3.599999904633,0.000000000000,0.000000000000,3.599999904633,0.000000000000,0.000000000000,2.200000000000,0.250800013542,0.032333375679,0.138764874435,,,,2.200000000000,0.246399998665,-0.040388968256,-0.198024460747,,,,2.200000000000,0.604099988937,-0.112277600500,-0.073117588037,,,,2.200000000000,0.832199990749,0.324944555759,-0.657962133855,0.763000011444,-0.012611117628,-0.512284647535,2.200000000000,0.902199983597,0.072166456117,-0.949998788628,0.713299989700,-0.192999939124,-1.010462494544
2.250000000000,3.599999904633,0.000000000000,0.000000000000,3.599999904633,0.000000000000,0.000000000000,2.250000000000,3.599999904633,0.000000000000,0.000000000000,3.599999904633,0.000000000000,0.000000000000,2.250000000000,0.251500010490,0.014888859457,0.243024178493,,,,2.250000000000,0.248099997640,-0.019222216474,0.163858540264,,,,2.250000000000,0.598900020123,-0.120722088549,-0.208520521352,,,,2.250000000000,0.848800003529,0.284833477603,-1.178735145080,0.762300014496,-0.046111279064,-0.987253108142,2.250000000000,0.904299974442,0.032111240758,-0.637869021775,0.701300024986,-0.238611168332,-0.708395978551
2.300000000000,3.599999904633,0.000000000000,0.000000000000,3.599999904633,0.000000000000,0.000000000000,2.300000000000,3.599999904633,0.000000000000,0.000000000000,3.599999904633,0.000000000000,0.000000000000,2.300000000000,0.245000004768,0.102888875537,-0.369105248907,,,,2.300000000000,0.245000004768,-0.003555549516,0.193086593055,,,,2.300000000000,0.592400014400,-0.136611229844,-0.260001899284,,,,2.300000000000,0.862900018692,0.201277732849,-1.551450972940,0.759899973869,-0.112555556827,-1.404135260317,2.300000000000,0.904600024223,0.010944472419,-0.358055955098,0.688499987125,-0.263222455978,-0.396171929660
2.350000000000,3.599999904633,0.000000000000,0.000000000000,3.599999904633,0.000000000000,0.000000000000,2.350000000000,3.599999904633,0.000000000000,0.000000000000,3.599999904633,0.000000000000,0.000000000000,2.350000000000,0.273600012064,-0.004500034783,-1.093611581090,,,,2.350000000000,0.248099997640,0.009888898995,0.019753071261,,,,2.350000000000,0.585099995136,-0.150333477391,-0.231203841574,,,,2.350000000000,0.869499981403,0.106055604087,-1.445122578262,0.752300024033,-0.203277766705,-1.460278622898,2.350000000000,0.904999971390,0.001166661580,-0.178519148885,0.674399971962,-0.273111032115,-0.181664673635
2.400000000000,3.599999904633,0.000000000000,0.000000000000,3.599999904633,0.000000000000,0.000000000000,2.400000000000,3.599999904633,0.000000000000,0.000000000000,3.599999904633,0.000000000000,0.000000000000,2.400000000000,0.246700003743,-0.128333427840,0.231481384900,,,,2.400000000000,0.247700005770,-0.009277769261,-0.052531086552,,,,2.400000000000,0.577199995518,-0.160722302066,-0.171542370025,,,,2.400000000000,0.871900022030,0.041111277209,-0.995277640996,0.738799989223,-0.278777976831,-1.096142368552,2.400000000000,0.904600024223,-0.004222260581,-0.072531567680,0.661000013351,-0.276555452082,-0.076696883749
2.450000000000,3.599999904633,0.000000000000,0.000000000000,3.599999904633,0.000000000000,0.000000000000,2.450000000000,3.599999904633,0.000000000000,0.000000000000,3.599999904633,0.000000000000,0.000000000000,2.450000000000,0.245299994946,0.009277744426,1.559166830999,,,,2.450000000000,0.245700001717,-0.004388930069,0.035895158847,,,,2.450000000000,0.568899989128,-0.167555577225,-0.104968102626,,,,2.450000000000,0.872200012207,0.007944504420,-0.532871024844,0.722599983215,-0.317333406872,-0.608332547141,2.450000000000,0.904299974442,-0.003889070617,-0.023733649725,0.646799981594,-0.279666549630,-0.015772032885
2.500000000000,3.599999904633,0.000000000000,0.000000000000,3.599999904633,0.000000000000,0.000000000000,2.500000000000,3.599999904633,0.000000000000,0.000000000000,3.599999904633,0.000000000000,0.000000000000,2.500000000000,0.246000006795,0.161666605208,0.595586622755,,,,2.500000000000,0.247099995613,0.002166678508,0.008889384292,,,,2.500000000000,0.560299992561,-0.170944399304,-0.043240152759,,,,2.500000000000,0.871900022030,-0.004111064805,-0.228766232361,0.706099987030,-0.331444475386,-0.261758654206,2.500000000000,0.904299974442,-0.004666480753,-0.016820669910,0.632700026035,-0.276833242840,0.010275932742
2.550000000000,3.599999904633,0.000000000000,0.000000000000,3.599999904633,0.000000000000,0.000000000000,2.550000000000,3.599999904633,0.000000000000,0.000000000000,3.599999904633,0.000000000000,0.000000000000,2.550000000000,0.272199988365,0.131222150392,-1.315400156158,,,,2.550000000000,0.246700003743,-0.002444394761,-0.030308474361,,,,2.550000000000,0.551699995995,-0.171499947707,0.011666505425,,,,2.550000000000,0.871500015259,-0.007499986225,-0.094785366529,0.689199984074,-0.336000025272,-0.084258781539,2.550000000000,0.903900027275,-0.006111131774,-0.005218331461,0.619300007820,-0.276833540863,0.001326368915
2.600000000000,3.599999904633,0.000000000000,0.000000000000,3.599999904633,0.000000000000,0.000000000000,2.600000000000,3.599999904633,0.000000000000,0.000000000000,3.599999904633,0.000000000000,0.000000000000,2.600000000000,0.272199988365,-0.107777681616,-0.893332353897,,,,2.600000000000,0.246700003743,-0.004944412245,-0.009969378143,,,,2.600000000000,0.543099999428,-0.170055528482,0.068548616068,,,,2.600000000000,0.871200025082,-0.010222262806,-0.049724788577,0.672299981117,-0.335388878981,-0.022900950761,2.600000000000,0.903599977493,-0.005944735474,0.015709135267,0.605099976063,-0.277944472101,0.009599751160
2.650000000000,3.599999904633,0.000000000000,0.000000000000,3.599999904633,0.000000000000,0.000000000000,2.650000000000,3.599999904633,0.000000000000,0.000000000000,3.599999904633,0.000000000000,0.000000000000,2.650000000000,0.246000006795,-0.091611006194,1.721141547149,,,,2.650000000000,0.246000006795,-0.004611098104,0.035524262506,,,,2.650000000000,0.534500002861,-0.164666738775,0.123055159678,,,,2.650000000000,0.870500028133,-0.012722578314,-0.015032512170,0.655799984932,-0.336611072222,-0.011451027276,2.650000000000,0.903199970722,-0.003944569164,0.024507535093,0.591300010681,-0.275944372018,0.018487502763
2.700000000000,3.599999904633,0.000000000000,0.000000000000,3.599999904633,0.000000000000,0.000000000000,2.700000000000,3.599999904633,0.000000000000,0.000000000000,3.599999904633,0.000000000000,0.000000000000,2.700000000000,0.245000004768,0.231611124343,1.446511242309,,,,2.700000000000,0.246000006795,0.000833297769,0.046759098768,,,,2.700000000000,0.526499986649,-0.156388945050,0.154630389111,,,,2.700000000000,0.869799971581,-0.012500352330,0.027254794115,0.638599991798,-0.337111155192,0.002283170635,2.700000000000,0.903199970722,-0.001944469081,0.006359429271,0.577600002289,-0.275333457523,0.017098705342
2.750000000000,3.599999904633,0.000000000000,0.000000000000,3.599999904633,0.000000000000,0.000000000000,2.750000000000,3.599999904633,0.000000000000,0.000000000000,3.599999904633,0.000000000000,0.000000000000,2.750000000000,0.290100008249,0.196944359276,-1.407531230354,,,,2.750000000000,0.246399998665,0.001166661580,0.033055701190,,,,2.750000000000,0.518999993801,-0.149333311452,0.184013823300,,,,2.750000000000,0.869099974632,-0.009388923645,0.055465451729,0.621999979019,-0.336055656274,0.010493820832,2.750000000000,0.903199970722,-0.003277725644,-0.011326593381,0.563799977303,-0.274888873100,0.024692107130
2.800000000000,3.599999904633,0.000000000000,0.000000000000,3.599999904633,0.000000000000,0.000000000000,2.800000000000,3.599999904633,0.000000000000,0.000000000000,3.599999904633,0.000000000000,0.000000000000,2.800000000000,0.272199988365,0.008055509792,-2.835585600064,,,,2.800000000000,0.246000006795,0.003277791871,0.027036915223,,,,2.800000000000,0.511399984360,-0.138944271538,0.215988348664,,,,2.800000000000,0.868799984455,-0.004999968741,0.046482332695,0.605099976063,-0.336388945580,0.024352986136,2.800000000000,0.902899980545,-0.005055533515,0.006357791983,0.550000011921,-0.272888872359,0.031019048190
2.850000000000,3.599999904633,0.000000000000,0.000000000000,3.599999904633,0.000000000000,0.000000000000,2.850000000000,3.599999904633,0.000000000000,0.000000000000,3.599999904633,0.000000000000,0.000000000000,2.850000000000,0.292199999094,-0.209555476904,-1.911573466143,,,,2.850000000000,0.246700003743,0.005055533515,0.000092276820,,,,2.850000000000,0.504800021648,-0.124499864048,0.184566978319,,,,2.850000000000,0.868799984455,-0.004111131032,0.023209975090,0.588199973106,-0.333888861868,0.041143936507,2.850000000000,0.902499973774,-0.003333356645,0.037036983319,0.536499977112,-0.270722160737,0.021697930348
2.900000000000,3.599999904633,0.000000000000,0.000000000000,3.599999904633,0.000000000000,0.000000000000,2.900000000000,3.599999904633,0.000000000000,0.000000000000,3.599999904633,0.000000000000,0.000000000000,2.900000000000,0.243300005794,-0.275499953164,0.790833074737,,,,2.900000000000,0.246700003743,0.003555508124,-0.029845710522,,,,2.900000000000,0.499300003052,-0.116333332327,0.079690177500,,,,2.900000000000,0.868399977684,-0.003722243839,0.017623824102,0.571699976921,-0.331166519059,0.038891129288,2.900000000000,0.902499973774,-0.000166661210,0.045555921984,0.523100018501,-0.271166579591,0.020339183601
2.950000000000,3.599999904633,0.000000000000,0.000000000000,3.599999904633,0.000000000000,0.000000000000,2.950000000000,3.599999904633,0.000000000000,0.000000000000,3.599999904633,0.000000000000,0.000000000000,2.950000000000,0.246700003743,-0.015833328168,1.551727968969,,,,2.950000000000,0.247099995613,0.000888870822,-0.040030681793,,,,2.950000000000,0.493800014257,-0.119555575980,0.017375912931,,,,2.950000000000,0.868399977684,-0.002888838450,0.023364432064,0.555199980736,-0.330110755232,0.036111593614,2.950000000000,0.902499973774,0.002666711807,0.025247184583,0.509299993515,-0.270111130344,0.040401012441
3.000000000000,3.599999904633,0.000000000000,0.000000000000,3.599999904633,0.000000000000,0.000000000000,3.000000000000,3.599999904633,0.000000000000,0.000000000000,3.599999904633,0.000000000000,0.000000000000,3.000000000000,0.258100003004,-0.018888885776,0.431419269722,,,,3.000000000000,0.246700003743,-0.000666677952,-0.042962848588,,,,3.000000000000,0.486900001764,-0.117000043392,-0.010185403588,,,,3.000000000000,0.868099987507,-0.001722176870,0.034999442689,0.538600027561,-0.327888611290,0.036787563636,3.000000000000,0.902899980545,0.002888937791,-0.006389029232,0.495900005102,-0.266111046076,0.041975145355
3.050000000000,3.599999904633,0.000000000000,0.000000000000,3.599999904633,0.000000000000,0.000000000000,3.050000000000,3.599999904633,0.000000000000,0.000000000000,3.599999904633,0.000000000000,0.000000000000,3.050000000000,0.246000006795,-0.042222258117,0.278857483724,,,,3.050000000000,0.247099995613,-0.003222243653,-0.002808395175,,,,3.050000000000,0.482100009918,-0.116222269005,-0.106543008192,,,,3.050000000000,0.868099987507,0.001499950886,0.030987056685,0.522400021553,-0.325555586153,0.023330186988,3.050000000000,0.902899980545,0.000888903936,-0.017808948034,0.482800006866,-0.264111095005,0.014813952608
3.100000000000,3.599999904633,0.000000000000,0.000000000000,3.599999904633,0.000000000000,0.000000000000,3.100000000000,3.599999904633,0.000000000000,0.000000000000,3.599999904633,0.000000000000,0.000000000000,3.100000000000,0.249099999666,-0.010333408912,0.518178843238,,,,3.100000000000,0.246399998665,-0.005944429172,0.260833646228,,,,3.100000000000,0.475899994373,-0.126500013802,-0.216511968109,,,,3.100000000000,0.868399977684,0.002222160498,0.012006362279,0.506200015545,-0.325889074140,0.015554531121,3.100000000000,0.902899980545,0.000222225984,-0.011605134717,0.469700008631,-0.265500048796,0.003239760796
3.150000000000,3.599999904633,0.000000000000,0.000000000000,3.599999904633,0.000000000000,0.000000000000,3.150000000000,3.599999904633,0.000000000000,0.000000000000,3.599999904633,0.000000000000,0.000000000000,3.150000000000,0.247099995613,0.008999945389,0.834352145960,,,,3.150000000000,0.246399998665,-0.006777751777,1.407685264209,,,,3.150000000000,0.469700008631,-0.142333308856,-0.241419792543,,,,3.150000000000,0.868399977684,0.001555548774,0.010525278839,0.489699989557,-0.324500103792,0.016821746105,3.150000000000,0.902899980545,0.000000000000,-0.008395203838,0.456200003624,-0.266166809532,0.032808604064
3.200000000000,3.599999904633,0.000000000000,0.000000000000,3.599999904633,0.000000000000,0.000000000000,3.200000000000,3.599999904633,0.000000000000,0.000000000000,3.599999904633,0.000000000000,0.000000000000,3.200000000000,0.247099995613,0.074944405092,0.928673456297,,,,3.200000000000,0.245700001717,0.069000025590,3.646882485460,,,,3.200000000000,0.461400002241,-0.154277814759,-0.177901376177,,,,3.200000000000,0.868399977684,0.003222260210,0.009382966860,0.473800003529,-0.323999971151,0.016574276450,3.200000000000,0.902899980545,-0.000222225984,-0.011605134717,0.442799985409,-0.261833402846,0.057254262544
3.250000000000,3.599999904633,0.000000000000,0.000000000000,3.599999904633,0.000000000000,0.000000000000,3.250000000000,3.599999904633,0.000000000000,0.000000000000,3.599999904633,0.000000000000,0.000000000000,3.250000000000,0.251199990511,0.174388885498,-0.212468179288,,,,3.250000000000,0.245700001717,0.293388896518,6.213795715644,,,,3.250000000000,0.454199999571,-0.162444445822,-0.053240791147,,,,3.250000000000,0.868799984455,0.003388921420,-0.005309026182,0.457300007343,-0.323277860880,0.024166178924,3.250000000000,0.902899980545,-0.000888903936,-0.018024996475,0.430099993944,-0.258611059851,0.048396037317
3.300000000000,3.599999904633,0.000000000000,0.000000000000,3.599999904633,0.000000000000,0.000000000000,3.300000000000,3.599999904633,0.000000000000,0.000000000000,3.599999904633,0.000000000000,0.000000000000,3.300000000000,0.276699990034,0.065611220068,-1.395956445255,,,,3.300000000000,0.245000004768,0.968833284246,3.527283415566,,,,3.300000000000,0.444900006056,-0.162888930904,0.114413626768,,,,3.300000000000,0.868799984455,0.002555516031,-0.016697910097,0.441399991512,-0.321444571018,0.029907890676,3.300000000000,0.902899980545,-0.002888937791,-0.007901368318,0.416999995708,-0.256555477778,0.028148045142
3.350000000000,3.599999904633,0.000000000000,0.000000000000,3.599999904633,0.000000000000,0.000000000000,3.350000000000,3.599999904633,0.000000000000,0.000000000000,3.599999904633,0.000000000000,0.000000000000,3.350000000000,0.261200010777,-0.086944384707,-0.523241466762,,,,3.350000000000,0.381799995899,0.935333255264,-4.092592516063,,,,3.350000000000,0.436899989843,-0.146277762122,0.176975296603,,,,3.350000000000,0.869099974632,0.000888870822,-0.013827247384,0.425199985504,-0.320055584113,0.031698844683,3.350000000000,0.902499973774,-0.002666711807,0.017901537595,0.404500007629,-0.255888882611,0.009536430424
3.400000000000,3.599999904633,0.000000000000,0.000000000000,3.599999904633,0.000000000000,0.000000000000,3.400000000000,3.599999904633,0.000000000000,0.000000000000,3.599999904633,0.000000000000,0.000000000000,3.400000000000,0.254299998283,-0.020944476128,0.895246293074,,,,3.400000000000,0.374599993229,0.254055509965,-6.380647411685,,,,3.400000000000,0.430400013924,-0.133000032769,0.031481250937,,,,3.400000000000,0.868799984455,0.000666644838,-0.001327325532,0.409399986267,-0.318722112311,0.038210348583,3.400000000000,0.902499973774,-0.000222225984,0.026543659193,0.391499996185,-0.256722287999,0.012284195350
3.450000000000,3.599999904633,0.000000000000,0.000000000000,3.599999904633,0.000000000000,0.000000000000,3.450000000000,3.599999904633,0.000000000000,0.000000000000,3.599999904633,0.000000000000,0.000000000000,3.450000000000,0.253600001335,0.135944419437,0.196327140302,,,,3.450000000000,0.378699988127,0.009666714403,-3.271450111527,,,,3.450000000000,0.425199985504,-0.145722279946,-0.065894664070,,,,3.450000000000,0.869099974632,0.001666612095,-0.003456719864,0.393200010061,-0.315499967999,0.031573454171,3.450000000000,0.902499973774,0.001777807872,0.004321060799,0.378699988127,-0.255333267980,0.026759864004
3.500000000000,3.599999904633,0.000000000000,0.000000000000,3.599999904633,0.000000000000,0.000000000000,3.500000000000,3.599999904633,0.000000000000,0.000000000000,3.599999904633,0.000000000000,0.000000000000,3.500000000000,0.284999996424,0.027444428868,-1.025647789608,,,,3.500000000000,0.363900005817,-0.013499988450,-0.512654223928,,,,3.500000000000,0.415600001812,-0.154888861709,0.097222837769,,,,3.500000000000,0.869099974632,0.000499983629,-0.009197235843,0.377999991179,-0.314777857727,0.012129968331,3.500000000000,0.902899980545,0.000000000000,-0.014074312316,0.365900009871,-0.252999911706,0.024845184367
3.550000000000,3.599999904633,0.000000000000,0.000000000000,3.599999904633,0.000000000000,0.000000000000,3.550000000000,3.599999904633,0.000000000000,0.000000000000,3.599999904633,0.000000000000,0.000000000000,3.550000000000,0.256999999285,-0.105666650666,0.012593100100,,,,3.550000000000,0.374199986458,0.086222241322,0.002808924075,,,,3.550000000000,0.407999992371,-0.134777741300,0.248765660289,,,,3.550000000000,0.869099974632,0.000166661210,-0.006296090138,0.361799985170,-0.315499918328,0.013643015682,3.550000000000,0.902499973774,-0.001777807872,0.004197601919,0.353500008583,-0.252166738113,0.013456558004
3.600000000000,3.599999904633,0.000000000000,0.000000000000,3.599999904633,0.000000000000,0.000000000000,3.600000000000,3.599999904633,0.000000000000,0.000000000000,3.599999904633,0.000000000000,0.000000000000,3.600000000000,0.257699996233,0.039666725530,0.999228573508,,,,3.600000000000,0.381500005722,0.035555611054,-0.869505981236,,,,3.600000000000,0.402500003576,-0.118999928236,0.207098251508,,,,3.600000000000,0.869099974632,0.000000000000,-0.005740552773,0.346300005913,-0.313777642118,0.023888778171,3.600000000000,0.902499973774,0.000222225984,0.025802905913,0.340799987316,-0.253055542707,0.025093426675
3.650000000000,3.599999904633,0.000000000000,0.000000000000,3.599999904633,0.000000000000,0.000000000000,3.650000000000,3.599999904633,0.000000000000,0.000000000000,3.599999904633,0.000000000000,0.000000000000,3.650000000000,0.269800007343,0.059555619955,0.869659923109,,,,3.650000000000,0.377299994230,-0.020944393343,-1.901605040019,,,,3.650000000000,0.396600008011,-0.111777815554,0.101851037255,,,,3.650000000000,0.869099974632,-0.000166661210,-0.008610829159,0.330500006676,-0.313055498732,0.037560611963,3.650000000000,0.902499973774,0.002666711807,0.014568147836,0.328000009060,-0.250666555431,0.052345948823
3.700000000000,3.599999904633,0.000000000000,0.000000000000,3.599999904633,0.000000000000,0.000000000000,3.700000000000,3.599999904633,0.000000000000,0.000000000000,3.599999904633,0.000000000000,0.000000000000,3.700000000000,0.261200010777,0.120888832543,0.603610746287,,,,3.700000000000,0.375600010157,-0.090555498997,-3.903148732620,,,,3.700000000000,0.391499996185,-0.110055638684,0.009537193878,,,,3.700000000000,0.869099974632,-0.000666644838,-0.013425486323,0.314900010824,-0.310500032372,0.071017416539,3.700000000000,0.902899980545,0.002666711807,-0.014568147836,0.315600007772,-0.245999942223,0.049320314034
3.750000000000,3.599999904633,0.000000000000,0.000000000000,3.599999904633,0.000000000000,0.000000000000,3.750000000000,3.599999904633,0.000000000000,0.000000000000,3.599999904633,0.000000000000,0.000000000000,3.750000000000,0.281199991703,0.167222205136,-0.486882187334,,,,3.750000000000,0.379700005054,-0.359777808189,-5.992500654157,,,,3.750000000000,0.385899990797,-0.114444428020,-0.010616718619,,,,3.750000000000,0.869099974632,-0.002166595724,-0.005370194529,0.299400001764,-0.307333419720,0.172623154926,3.750000000000,0.902899980545,0.000222225984,-0.025679447033,0.303600013256,-0.244666652547,0.034751931642
3.800000000000,3.599999904633,0.000000000000,0.000000000000,3.599999904633,0.000000000000,0.000000000000,3.800000000000,3.599999904633,0.000000000000,0.000000000000,3.599999904633,0.000000000000,0.000000000000,3.800000000000,0.288100004196,0.043166759941,-0.952068017221,,,,3.800000000000,0.362800002098,-0.963388921486,-3.004043480312,,,,3.800000000000,0.379700005054,-0.113055540456,0.012531131506,,,,3.800000000000,0.868799984455,-0.001999934514,0.016017994027,0.284299999475,-0.301166739729,0.470617979213,3.800000000000,0.902899980545,-0.001777807872,-0.003333389759,0.291200011969,-0.244777864880,0.086758299558
3.850000000000,3.599999904633,0.000000000000,0.000000000000,3.599999904633,0.000000000000,0.000000000000,3.850000000000,3.599999904633,0.000000000000,0.000000000000,3.599999904633,0.000000000000,0.000000000000,3.850000000000,0.280800014734,0.001333322790,-0.181822028057,,,,3.850000000000,0.245700001717,-0.893111146159,3.972715884447,,,,3.850000000000,0.374599993229,-0.111444443464,0.010339970942,,,,3.850000000000,0.868799984455,0.000000000000,0.025462129234,0.268799990416,-0.276999986834,1.926760347905,3.850000000000,0.902499973774,0.000000000000,0.018271914235,0.279100000858,-0.242222332292,0.298765297105
3.900000000000,3.599999904633,0.000000000000,0.000000000000,3.599999904633,0.000000000000,0.000000000000,3.900000000000,3.599999904633,0.000000000000,0.000000000000,3.599999904633,0.000000000000,0.000000000000,3.900000000000,0.283600002527,0.037444333235,0.397530529234,,,,3.900000000000,0.243900001049,-0.278944505586,5.978549543170,,,,3.900000000000,0.368699997663,-0.112111022075,0.006543366629,,,,3.900000000000,0.868799984455,0.001833273305,0.011573695106,0.253600001335,-0.195222132736,7.650309161823,3.900000000000,0.902899980545,0.002000033855,0.006543320638,0.266699999571,-0.226833431257,0.738364835212
3.950000000000,3.599999904633,0.000000000000,0.000000000000,3.599999904633,0.000000000000,0.000000000000,3.950000000000,3.599999904633,0.000000000000,0.000000000000,3.599999904633,0.000000000000,0.000000000000,3.950000000000,0.283899992704,0.089166627990,0.150772036962,,,,3.950000000000,0.244299992919,-0.063055596418,3.487963726123,,,,3.950000000000,0.363200008869,-0.110055489673,-0.011142867583,,,,3.950000000000,0.869099974632,0.001666612095,-0.011203336863,0.247700005770,-0.084777731034,30.038272009956,3.950000000000,0.902899980545,0.000666677952,-0.007901368318,0.254599988461,-0.174000031418,2.102840576827
4.000000000000,3.599999904633,0.000000000000,0.000000000000,3.599999904633,0.000000000000,0.000000000000,4.000000000000,3.599999904633,0.000000000000,0.000000000000,3.599999904633,0.000000000000,0.000000000000,4.000000000000,0.296000003815,0.079277753830,-0.559845189621,,,,4.000000000000,0.244299992919,0.010166714589,1.365401991356,,,,4.000000000000,0.358000010252,-0.113111171458,-0.030000912554,,,,4.000000000000,0.869099974632,-0.000833306048,-0.008333060477,0.247700005770,1.536500064863,70.957686269173,4.000000000000,0.902899980545,0.000222225984,-0.006666779518,0.247099995613,-0.081722173426,6.517408125930
4.050000000000,3.599999904633,0.000000000000,0.000000000000,3.599999904633,0.000000000000,0.000000000000,4.050000000000,3.599999904633,0.000000000000,0.000000000000,3.599999904633,0.000000000000,0.000000000000,4.050000000000,0.296999990940,-0.016055570708,-0.421604219778,,,,4.050000000000,0.245700001717,0.010444513626,0.461080334621,,,,4.050000000000,0.351799994707,-0.115000059207,-0.014166901877,,,,4.050000000000,0.868799984455,0.000166661210,0.006296090138,0.247700005770,6.220222355591,101.821791794565,4.050000000000,0.902899980545,0.000000000000,-0.003333389759,0.248099997640,-0.018777731392,24.374413858225
4.100000000000,3.599999904633,0.000000000000,0.000000000000,3.599999904633,0.000000000000,0.000000000000,4.100000000000,3.599999904633,0.000000000000,0.000000000000,3.599999904633,0.000000000000,0.000000000000,4.100000000000,0.288399994373,-0.009777678384,0.525709903902,,,,4.100000000000,0.245700001717,0.002277824614,1.173394619499,,,,4.100000000000,0.346300005913,-0.113444510433,-0.011604702399,,,,4.100000000000,0.869099974632,0.001333289676,-0.002592507704,0.248099997640,18.690556072527,3.612312591738,4.100000000000,0.902899980545,0.000000000000,-0.000740753280,0.247400000691,1.564000050227,47.662963189277
4.150000000000,3.599999904633,0.000000000000,0.000000000000,3.599999904633,0.000000000000,0.000000000000,4.150000000000,3.599999904633,0.000000000000,0.000000000000,3.599999904633,0.000000000000,0.000000000000,4.150000000000,0.291200011969,0.082277804613,0.704566738856,,,,4.150000000000,0.246000006795,0.059444457293,3.209906696905,,,,4.150000000000,0.340799987316,-0.116944495175,0.002531744080,,,,4.150000000000,0.869099974632,0.000000000000,-0.012407001154,3.051000118256,14.044499902262,-207.098339010535,4.150000000000,0.902899980545,0.000000000000,-0.000030869319,0.248400002718,4.719611149695,55.771605491086
4.200000000000,3.599999904633,0.000000000000,0.000000000000,3.599999904633,0.000000000000,0.000000000000,4.200000000000,3.599999904633,0.000000000000,0.000000000000,3.599999904633,0.000000000000,0.000000000000,4.200000000000,0.301200002432,0.100722097688,0.150308123341,,,,4.200000000000,0.245000004768,0.254499945376,5.802221849193,,,,4.200000000000,0.334199994802,-0.113944378164,0.025155008943,,,,4.200000000000,0.869099974632,-0.001333289676,-0.000185179122,3.036499977112,-13.690333871378,-207.638488502965,4.200000000000,0.902899980545,0.000000000000,0.000555537365,0.248799994588,14.154777957333,-50.616543542272
4.250000000000,3.599999904633,0.000000000000,0.000000000000,3.599999904633,0.000000000000,0.000000000000,4.250000000000,3.599999904633,0.000000000000,0.000000000000,3.599999904633,0.000000000000,0.000000000000,4.250000000000,0.302899986506,0.086111045546,-0.258548566957,,,,4.250000000000,0.243599995971,0.875055533316,3.884722191243,,,,4.250000000000,0.329400002956,-0.110944410165,-0.010771506730,,,,4.250000000000,0.868799984455,0.000000000000,0.011203336863,0.294600009918,-18.320611177219,1.025125825846,4.250000000000,0.902899980545,0.000000000000,0.002499918143,3.062000036240,0.264333387216,-157.688551308748
4.300000000000,3.599999904633,0.000000000000,0.000000000000,3.599999904633,0.000000000000,0.000000000000,4.300000000000,3.599999904633,0.000000000000,0.000000000000,3.599999904633,0.000000000000,0.000000000000,4.300000000000,0.311199992895,0.046500050359,-0.199999356711,,,,4.300000000000,0.363900005817,0.924166623089,-2.898796256862,,,,4.300000000000,0.323599994183,-0.116222169664,-0.026975452532,,,,4.300000000000,0.869099974632,0.001333289676,-0.003055455508,0.291500002146,-6.190000060532,98.540402806284,4.300000000000,0.902899980545,0.000166661210,0.004999836286,0.288100004196,-13.859166809254,-54.241945677333
4.350000000000,3.599999904633,0.000000000000,0.000000000000,3.599999904633,0.000000000000,0.000000000000,4.350000000000,3.599999904633,0.000000000000,0.000000000000,3.599999904633,0.000000000000,0.000000000000,4.350000000000,0.304600000381,0.051166696681,0.113641829402,,,,4.350000000000,0.370799988508,0.348277762532,-5.601203616387,,,,4.350000000000,0.317400008440,-0.115388830503,-0.012840413385,,,,4.350000000000,0.869099974632,-0.000166661210,-0.019258628657,0.282499998808,-1.601388835245,68.841327920004,4.350000000000,0.902899980545,0.000499983629,0.005833142334,0.282200008631,-4.761555666725,52.287685461803
4.400000000000,3.599999904633,0.000000000000,0.000000000000,3.599999904633,0.000000000000,0.000000000000,4.400000000000,3.599999904633,0.000000000000,0.000000000000,3.599999904633,0.000000000000,0.000000000000,4.400000000000,0.313199996948,0.106166650852,-0.365031069076,,,,4.400000000000,0.376300007105,0.101277753711,-3.399691399601,,,,4.400000000000,0.312200009823,-0.117000093063,-0.001111764599,,,,4.400000000000,0.869099974632,-0.001999934514,-0.010277441254,0.281500011683,-0.029555526045,28.156697064822,4.400000000000,0.902899980545,0.001499950886,-0.005555373651,0.268099993467,-1.706388956971,46.266883722058
4.450000000000,3.599999904633,0.000000000000,0.000000000000,3.599999904633,0.000000000000,0.000000000000,4.450000000000,3.599999904633,0.000000000000,0.000000000000,3.599999904633,0.000000000000,0.000000000000,4.450000000000,0.323599994183,0.020444442828,-0.963086423315,,,,4.450000000000,0.370799988508,0.042277706994,-1.141820378877,,,,4.450000000000,0.305599987507,-0.116333381997,0.032592932751,,,,4.450000000000,0.868799984455,-0.001999934514,0.013981023688,0.282900005579,-0.038111160199,5.785493341125,4.450000000000,0.903199970722,0.000000000000,-0.016851300075,0.262199997902,-0.099388841126,24.200340121249
4.500000000000,3.599999904633,0.000000000000,0.000000000000,3.599999904633,0.000000000000,0.000000000000,4.500000000000,3.599999904633,0.000000000000,0.000000000000,3.599999904633,0.000000000000,0.000000000000,4.500000000000,0.313199996948,-0.034722205665,-0.869691546684,,,,4.500000000000,0.378699988127,0.076666739252,-0.427931445984,,,,4.500000000000,0.300500005484,-0.113888896174,0.078519038212,,,,4.500000000000,0.868799984455,0.000000000000,0.026850972647,0.279100000858,-0.067444476816,0.743364018423,4.500000000000,0.902899980545,-0.001499950886,-0.005555373651,0.257400006056,-0.011222196950,6.237407014878
4.550000000000,3.599999904633,0.000000000000,0.000000000000,3.599999904633,0.000000000000,0.000000000000,4.550000000000,3.599999904633,0.000000000000,0.000000000000,3.599999904633,0.000000000000,0.000000000000,4.550000000000,0.317000001669,-0.050777826044,-1.003364124048,,,,4.550000000000,0.381500005722,0.052111165391,-0.980648425994,,,,4.550000000000,0.294299989939,-0.111444443464,0.185587027191,,,,4.550000000000,0.868799984455,0.001999934514,0.013981023688,0.275000005960,-0.075722287099,0.366049508254,4.550000000000,0.902899980545,-0.000499983629,0.005833142334,0.262600004673,0.041388819615,1.283364089919
4.600000000000,3.599999904633,0.000000000000,0.000000000000,3.599999904633,0.000000000000,0.000000000000,4.600000000000,3.599999904633,0.000000000000,0.000000000000,3.599999904633,0.000000000000,0.000000000000,4.600000000000,0.310799986124,-0.113222234779,-1.346634981441,,,,4.600000000000,0.386299997568,-0.021111137337,-1.688271733346,,,,4.600000000000,0.288800001144,-0.097388823827,0.330401607502,,,,4.600000000000,0.869099974632,0.001999934514,-0.010370030815,0.266999989748,-0.012111133999,0.519259697125,4.600000000000,0.902899980545,-0.000166661210,0.004999836286,0.264299988747,0.036111109787,-0.310894524978
4.650000000000,3.599999904633,0.000000000000,0.000000000000,3.599999904633,0.000000000000,0.000000000000,4.650000000000,3.599999904633,0.000000000000,0.000000000000,3.599999904633,0.000000000000,0.000000000000,4.650000000000,0.308699995279,-0.215111010604,-1.071048987868,,,,4.650000000000,0.382499992847,-0.143333292670,-2.172530796609,,,,4.650000000000,0.284299999475,-0.076888816224,0.439691010081,,,,4.650000000000,0.869099974632,0.000166661210,-0.019814166022,0.275700002909,0.022833363877,-0.109259324309,4.650000000000,0.902899980545,0.000000000000,0.002499918143,0.269800007343,-0.028722186883,-0.339536644794
4.700000000000,3.599999904633,0.000000000000,0.000000000000,3.599999904633,0.000000000000,0.000000000000,4.700000000000,3.599999904633,0.000000000000,0.000000000000,3.599999904633,0.000000000000,0.000000000000,4.700000000000,0.288100004196,-0.286722150114,0.385462235153,,,,4.700000000000,0.366600006819,-0.227055524786,-2.784753517236,,,,4.700000000000,0.280800014734,-0.049777792560,0.463394737906,,,,4.700000000000,0.869099974632,-0.001333289676,-0.005555373651,0.275700002909,-0.051500068771,-0.288950605893,4.700000000000,0.902899980545,0.000000000000,0.000555537365,0.257699996233,-0.034333318472,0.271543658074
4.750000000000,3.599999904633,0.000000000000,0.000000000000,3.599999904633,0.000000000000,0.000000000000,4.750000000000,3.599999904633,0.000000000000,0.000000000000,3.599999904633,0.000000000000,0.000000000000,4.750000000000,0.269800007343,-0.168500029378,1.694807759774,,,,4.750000000000,0.360100001097,-0.326444498367,-4.395956931475,,,,4.750000000000,0.279399991035,-0.024944444497,0.366401617174,,,,4.750000000000,0.868799984455,-0.000166661210,0.006222018489,0.264999985695,-0.038277788295,0.104988342450,4.750000000000,0.902899980545,0.000000000000,0.000092589561,0.261500000954,0.041333436966,0.204549385810
4.800000000000,3.599999904633,0.000000000000,0.000000000000,3.599999904633,0.000000000000,0.000000000000,4.800000000000,3.599999904633,0.000000000000,0.000000000000,3.599999904633,0.000000000000,0.000000000000,4.800000000000,0.271899998188,-0.047944535812,1.697296566433,,,,4.800000000000,0.362199991941,-0.844722216328,-2.644536747241,,,,4.800000000000,0.278800010681,-0.010444356336,0.210824167287,,,,4.800000000000,0.869099974632,0.000833306048,-0.005870178158,0.271899998188,-0.021944344044,0.237817673220,4.800000000000,0.902899980545,0.000000000000,0.000000000000,0.268400013447,0.011777844694,-0.299038224750
4.850000000000,3.599999904633,0.000000000000,0.000000000000,3.599999904633,0.000000000000,0.000000000000,4.850000000000,3.599999904633,0.000000000000,0.000000000000,3.599999904633,0.000000000000,0.000000000000,4.850000000000,0.267699986696,0.027722269297,1.050593345254,,,,4.850000000000,0.246700003743,-0.841611077388,3.306326986647,,,,4.850000000000,0.278800010681,-0.005666663249,0.086731344094,,,,4.850000000000,0.869099974632,-0.001499950886,-0.004925764637,0.263900011778,-0.016333378024,0.364810771964,4.850000000000,0.902899980545,0.000000000000,0.000000000000,0.263200014830,-0.027333415217,-0.195970309001
4.900000000000,3.599999904633,0.000000000000,0.000000000000,3.599999904633,0.000000000000,0.000000000000,4.900000000000,3.599999904633,0.000000000000,0.000000000000,3.599999904633,0.000000000000,0.000000000000,4.900000000000,0.276300013065,0.059933364391,0.284056001239,,,,4.900000000000,0.245700001717,-0.280000035961,5.262388642187,,,,4.900000000000,0.278400003910,-0.005533297857,0.040027990385,,,,4.900000000000,0.868799984455,-0.001299957434,0.023054800652,0.267699986696,0.028366585573,0.203712657094,4.900000000000,0.902899980545,0.000000000000,0.000000000000,0.262199997902,-0.014866779248,0.049944376504
4.950000000000,3.599999904633,0.000000000000,0.000000000000,3.599999904633,0.000000000000,0.000000000000,4.950000000000,3.599999904633,0.000000000000,0.000000000000,3.599999904633,0.000000000000,0.000000000000,4.950000000000,0.276699990034,0.034055577384,-0.113662382887,,,,4.950000000000,0.245299994946,-0.108166692985,3.869460071035,,,,4.950000000000,0.278100013733,-0.003638830450,0.034642007984,,,,4.950000000000,0.868799984455,0.001499950886,0.041359756832,0.270099997520,0.013805520203,-0.118577403051,4.950000000000,0.902899980545,0.000000000000,0.000000000000,0.262199997902,-0.007388939460,0.116309179568
5.000000000000,3.599999904633,0.000000000000,0.000000000000,3.599999904633,0.000000000000,0.000000000000,5.000000000000,3.599999904633,0.000000000000,0.000000000000,3.599999904633,0.000000000000,0.000000000000,5.000000000000,0.277700006962,0.025777949227,-0.198788021082,,,,5.000000000000,0.244599997997,-0.012999988265,2.762346194114,,,,5.000000000000,0.278100013733,-0.001777741644,0.035450432772,,,,5.000000000000,0.869099974632,0.003999869029,0.048776180656,0.268799990416,-0.003888971276,-0.270636319010,5.000000000000,0.902899980545,0.000000000000,0.000000000000,0.262199997902,-0.001111129920,0.137766132384
